Workbook

Sheet male_yomi
A1: 読み | B1: 人気 | C1: 件数 | D1: 名前例 | E1: 中性フラグ
A2: こうき | B2: 〇 | C2: 424 | D2: 光輝 光希 光基 光毅 晃毅 幸輝 | E2: =IFERROR(VLOOKUP(A2,female_yomi!A:A,1,FALSE),"") -> こうき
A3: こうじろう | C3: 424 | D3: 幸次郎 浩二郎 孝次郎 康二郎 厚治郎 公次郎 | E3: =IFERROR(VLOOKUP(A3,female_yomi!A:A,1,FALSE),"")
A4: しょうじろう | C4: 388 | D4: 正次郎 昭二郎 翔路朗 翔路郎 照路郎 象二郎 | E4: =IFERROR(VLOOKUP(A4,female_yomi!A:A,1,FALSE),"")
A5: ゆうき | B5: 〇 | C5: 289 | D5: 勇気 勇樹 祐樹 友樹 祐希 優希 | E5: =IFERROR(VLOOKUP(A5,female_yomi!A:A,1,FALSE),"") -> ゆうき
A6: こうじ | C6: 278 | D6: 浩二 康二 浩司 幸司 晃司 倖司 | E6: =IFERROR(VLOOKUP(A6,female_yomi!A:A,1,FALSE),"")
A7: こうせい | B7: 〇 | C7: 257 | D7: 晃生 光正 幸聖 皓誠 倖成 光聖 | E7: =IFERROR(VLOOKUP(A7,female_yomi!A:A,1,FALSE),"")
A8: こうしろう | C8: 241 | D8: 幸志朗 航士朗 倖志郎 功史朗 幸志郎 耕史郎 | E8: =IFERROR(VLOOKUP(A8,female_yomi!A:A,1,FALSE),"")
A9: しょうき | C9: 239 | D9: 将城 翔稀 照生 頌樹 翔麒 翔紀 | E9: =IFERROR(VLOOKUP(A9,female_yomi!A:A,1,FALSE),"")
A10: けいじろう | C10: 219 | D10: 啓次郎 啓二朗 経二郎 桂志郎 慶二郎 慶治朗 | E10: =IFERROR(VLOOKUP(A10,female_yomi!A:A,1,FALSE),"")
A11: しょうじ | C11: 215 | D11: 昭二 昭治 捷爾 庄治 庄司 正司 | E11: =IFERROR(VLOOKUP(A11,female_yomi!A:A,1,FALSE),"")
A12: しょうせい | C12: 211 | D12: 翔聖 祥生 翔星 聖星 翔征 渉世 | E12: =IFERROR(VLOOKUP(A12,female_yomi!A:A,1,FALSE),"")
A13: ひろき | C13: 202 | D13: 弘樹 宏樹 浩紀 大樹 大輝 洋貴 | E13: =IFERROR(VLOOKUP(A13,female_yomi!A:A,1,FALSE),"") -> ひろき
A14: こうすけ | C14: 196 | D14: 康介 浩介 孝介 幸介 航佑 浩輔 | E14: =IFERROR(VLOOKUP(A14,female_yomi!A:A,1,FALSE),"")
A15: ゆうせい | B15: 〇 | C15: 190 | D15: 優征 佑星 悠誠 雄星 優成 優星 | E15: =IFERROR(VLOOKUP(A15,female_yomi!A:A,1,FALSE),"")
A16: よしひろ | C16: 183 | D16: 義弘 佳宏 吉寛 吉弘 善弘 義広 | E16: =IFERROR(VLOOKUP(A16,female_yomi!A:A,1,FALSE),"")
A17: けんしょう | C17: 181 | D17: 賢 将 憲章 賢 尚兼 史 鷹 顕 章顕 昭 | E17: =IFERROR(VLOOKUP(A17,female_yomi!A:A,1,FALSE),"")
A18: よしき | C18: 180 | D18: 良樹 芳樹 由紀 佳喜 佳季 佳樹 | E18: =IFERROR(VLOOKUP(A18,female_yomi!A:A,1,FALSE),"")
A19: あきひろ | C19: 179 | D19: 秋博 彰宏 昭宏 彰広 明宏 明洋 | E19: =IFERROR(VLOOKUP(A19,female_yomi!A:A,1,FALSE),"")
A20: しょうけん | C20: 179 | D20: 正見 匠見 翔賢 翔剣 翔兼 翔健 | E20: =IFERROR(VLOOKUP(A20,female_yomi!A:A,1,FALSE),"")
A21: けんき | C21: 166 | D21: 建樹 建紀 賢貴 研輝 堅樹 健起 | E21: =IFERROR(VLOOKUP(A21,female_yomi!A:A,1,FALSE),"")
A22: けんじ | C22: 165 | D22: 健二 賢治 健司 健治 賢二 研二 | E22: =IFERROR(VLOOKUP(A22,female_yomi!A:A,1,FALSE),"")
A23: きくま | C23: 163 | D23: 菊 磨毅 来 真 毅 久 麻希 来 眞起 来 眞喜 来 磨 | E23: =IFERROR(VLOOKUP(A23,female_yomi!A:A,1,FALSE),"")
A24: はるき | B24: 〇 | C24: 154 | D24: 陽葵 春樹 晴喜 晴樹 陽輝 遥喜 | E24: =IFERROR(VLOOKUP(A24,female_yomi!A:A,1,FALSE),"") -> はるき
A25: まさき | C25: 146 | D25: 正樹 雅樹 正輝 将喜 将希 雅紀 | E25: =IFERROR(VLOOKUP(A25,female_yomi!A:A,1,FALSE),"") -> まさき
A26: りょうせい | C26: 146 | D26: 遼青 綾成 亮青 涼青 稜青 良青 | E26: =IFERROR(VLOOKUP(A26,female_yomi!A:A,1,FALSE),"")
A27: けいしょう | C27: 145 | D27: 慶祥 桂章 慶照 慶尚 圭尚 圭将 | E27: =IFERROR(VLOOKUP(A27,female_yomi!A:A,1,FALSE),"")
A28: けんのすけ | C28: 145 | D28: 健之丞 憲之典 健之佑 賢之丞 拳之介 憲之介 | E28: =IFERROR(VLOOKUP(A28,female_yomi!A:A,1,FALSE),"")
A29: よしのり | C29: 145 | D29: 義則 由紀 義徳 良則 美徳 善紀 | E29: =IFERROR(VLOOKUP(A29,female_yomi!A:A,1,FALSE),"")
A30: たかし | C30: 143 | D30: 隆 孝 隆 史 崇高 志 孝 志 | E30: =IFERROR(VLOOKUP(A30,female_yomi!A:A,1,FALSE),"")
A31: けいじ | C31: 142 | D31: 敬司 啓二 慶二 佳治 啓司 啓次 | E31: =IFERROR(VLOOKUP(A31,female_yomi!A:A,1,FALSE),"")
A32: たかひろ | C32: 141 | D32: 貴弘 享祐 孝宏 孝弘 崇裕 貴博 | E32: =IFERROR(VLOOKUP(A32,female_yomi!A:A,1,FALSE),"")
A33: けんしろう | C33: 139 | D33: 健史朗 健士朗 健士郎 顕嗣朗 兼嗣郎 健史郎 | E33: =IFERROR(VLOOKUP(A33,female_yomi!A:A,1,FALSE),"")
A34: ゆうじ | C34: 136 | D34: 雄二 裕二 祐二 雄司 有志 優二 | E34: =IFERROR(VLOOKUP(A34,female_yomi!A:A,1,FALSE),"")
A35: あきじ | C35: 132 | D35: 秋児 彰路 章志 明治 秋司 秋二 | E35: =IFERROR(VLOOKUP(A35,female_yomi!A:A,1,FALSE),"")
A36: ひろし | C36: 132 | D36: 博 弘 宏 浩浩 志 寛 | E36: =IFERROR(VLOOKUP(A36,female_yomi!A:A,1,FALSE),"")
... A57: あきら | C57: 105 | D57: 明 晃 彰 啓 昭 信 | E57: =IFERROR(VLOOKUP(A57,female_yomi!A:A,1,FALSE),"") -> あきら
A58: ひろと | B58: 〇 | C58: 105 | D58: 大翔 滉斗 博人 寛人 悠人 宏斗 | E58: =IFERROR(VLOOKUP(A58,female_yomi!A:A,1,FALSE),"")
A59: ゆうま | B59: 〇 | C59: 105 | D59: 悠真 勇馬 佑真 悠馬 優馬 優磨 | E59: =IFERROR(VLOOKUP(A59,female_yomi!A:A,1,FALSE),"")
A60: さとし | C60: 104 | D60: 聡 慧 智 悟 志 知 智 史 | E60: =IFERROR(VLOOKUP(A60,female_yomi!A:A,1,FALSE),"")
A61: えい | C61: 103 | D61: 詠 瑛 依英 瑛 詠偉 永伊 | E61: =IFERROR(VLOOKUP(A61,female_yomi!A:A,1,FALSE),"") -> えい
A62: じゅんせい | C62: 103 | D62: 純成 絢晴 惇正 準征 潤生 淳成 | E62: =IFERROR(VLOOKUP(A62,female_yomi!A:A,1,FALSE),"")
A63: しんじ | C63: 103 | D63: 信二 真司 伸二 真二 信司 慎二 | E63: =IFERROR(VLOOKUP(A63,female_yomi!A:A,1,FALSE),"")
A64: ゆうと | B64: 〇 | C64: 103 | D64: 悠斗 優斗 悠人 悠仁 優人 勇斗 | E64: =IFERROR(VLOOKUP(A64,female_yomi!A:A,1,FALSE),"")
A65: こうた | B65: 〇 | C65: 101 | D65: 康太 幸太 浩太 耕太 宏太 功太 | E65: =IFERROR(VLOOKUP(A65,female_yomi!A:A,1,FALSE),"")
A66: こうたろう | C66: 101 | D66: 孝太郎 幸太郎 航太郎 光太郎 耕太郎 浩太郎 | E66: =IFERROR(VLOOKUP(A66,female_yomi!A:A,1,FALSE),"")
A67: まさのり | C67: 101 | D67: 正則 政典 正典 正憲 公則 仁徳 | E67: =IFERROR(VLOOKUP(A67,female_yomi!A:A,1,FALSE),"")
A68: りょうすけ | C68: 100 | D68: 涼介 亮介 亮輔 良介 良亮 亮祐 | E68: =IFERROR(VLOOKUP(A68,female_yomi!A:A,1,FALSE),"")
A69: あつき | C69: 99 | D69: 厚輝 惇基 敦喜 敦揮 敦貴 敦騎 | E69: =IFERROR(VLOOKUP(A69,female_yomi!A:A,1,FALSE),"") -> あつき
A70: しょうご | C70: 98 | D70: 省吾 将吾 祥吾 彰吾 正吾 勝吾 | E70: =IFERROR(VLOOKUP(A70,female_yomi!A:A,1,FALSE),"")
A71: ともき | C71: 95 | D71: 友樹 智樹 友希 智希 知樹 倫季 | E71: =IFERROR(VLOOKUP(A71,female_yomi!A:A,1,FALSE),"") -> ともき
A72: きはる | C72: 92 | D72: 輝遥 輝晴 稀遥 樹春 希春 己晴 | E72: =IFERROR(VLOOKUP(A72,female_yomi!A:A,1,FALSE),"") -> きはる
A73: まさよし | C73: 92 | D73: 正義 正良 昌芳 昌義 正英 雅美 | E73: =IFERROR(VLOOKUP(A73,female_yomi!A:A,1,FALSE),"")
A74: ゆうじろう | C74: 90 | D74: 裕次郎 勇次郎 佑二郎 佑司朗 佑次朗 祐史郎 | E74: =IFERROR(VLOOKUP(A74,female_yomi!A:A,1,FALSE),"")
A75: あきたけ | C75: 89 | D75: 章健 明威 暁威 彰健 秋武 明丈 | E75: =IFERROR(VLOOKUP(A75,female_yomi!A:A,1,FALSE),"")
A76: けいすけ | C76: 89 | D76: 圭介 啓介 圭佑 啓輔 圭祐 圭輔 | E76: =IFERROR(VLOOKUP(A76,female_yomi!A:A,1,FALSE),"")
A77: まさあき | C77: 88 | D77: 昌明 真明 政昭 正明 雅昭 祇晶 | E77: =IFERROR(VLOOKUP(A77,female_yomi!A:A,1,FALSE),"")
... A81: まさと | C81: 85 | D81: 雅人 正人 真人 理人 聖人 眞人 | E81: =IFERROR(VLOOKUP(A81,female_yomi!A:A,1,FALSE),"")
A82: あきと | B82: 〇 | C82: 84 | D82: 秋斗 彰人 明人 暁人 秋翔 彬人 | E82: =IFERROR(VLOOKUP(A82,female_yomi!A:A,1,FALSE),"")
A83: けいしん | C83: 84 | D83: 圭伸 啓真 繫心 敬信 慶心 敬親 | E83: =IFERROR(VLOOKUP(A83,female_yomi!A:A,1,FALSE),"")
A84: ひろみ | C84: 84 | D84: 広海 洋巳 広巳 大海 大誠 宏美 | E84: =IFERROR(VLOOKUP(A84,female_yomi!A:A,1,FALSE),"") -> ひろみ
A85: ゆうや | C85: 84 | D85: 裕也 勇也 優也 雄也 侑也 優弥 | E85: =IFERROR(VLOOKUP(A85,female_yomi!A:A,1,FALSE),"") -> ゆうや
A86: としき | C86: 83 | D86: 俊樹 利己 俊基 俊己 俊貴 敏樹 | E86: =IFERROR(VLOOKUP(A86,female_yomi!A:A,1,FALSE),"")
A87: ひろゆき | C87: 83 | D87: 浩之 大和 博之 弘行 洋之 浩幸 | E87: =IFERROR(VLOOKUP(A87,female_yomi!A:A,1,FALSE),"")
A88: ゆうしん | C88: 83 | D88: 勇心 佑真 祐進 勇臣 裕新 優心 | E88: =IFERROR(VLOOKUP(A88,female_yomi!A:A,1,FALSE),"")
A89: よしたか | C89: 82 | D89: 義孝 佳孝 善孝 義貴 由崇 嘉孝 | E89: =IFERROR(VLOOKUP(A89,female_yomi!A:A,1,FALSE),"")
A90: たかお | C90: 81 | D90: 隆雄 隆夫 貴生 飛雄 隆郎 孝生 | E90: =IFERROR(VLOOKUP(A90,female_yomi!A:A,1,FALSE),"")
A91: りょうま | C91: 81 | D91: 領真 諒磨 諒真 遼眞 亮真 崚眞 | E91: =IFERROR(VLOOKUP(A91,female_yomi!A:A,1,FALSE),"") -> りょうま
A92: ゆきひろ | C92: 80 | D92: 幸弘 幸宏 幸寛 征洋 由紘 幸博 | E92: =IFERROR(VLOOKUP(A92,female_yomi!A:A,1,FALSE),"")
A93: しゅうじ | C93: 79 | D93: 修二 柊仁 秀司 蹴冶 修司 修治 | E93: =IFERROR(VLOOKUP(A93,female_yomi!A:A,1,FALSE),"")
A94: ひろよし | C94: 79 | D94: 弘喜 弘芳 博吉 博喜 博義 博良 | E94: =IFERROR(VLOOKUP(A94,female_yomi!A:A,1,FALSE),"")
... A101: せいま | C101: 76 | D101: 誠磨 政摩 征眞 征真 征磨 征馬 | E101: =IFERROR(VLOOKUP(A101,female_yomi!A:A,1,FALSE),"")
A102: そうま | B102: 〇 | C102: 76 | D102: 壮馬 颯真 蒼真 壮真 蒼馬 蒼眞 | E102: =IFERROR(VLOOKUP(A102,female_yomi!A:A,1,FALSE),"")
A103: ひろたか | C103: 76 | D103: 浩考 浩孝 宏孝 博貴 大貴 啓貴 | E103: =IFERROR(VLOOKUP(A103,female_yomi!A:A,1,FALSE),"")
A104: やすあき | C104: 76 | D104: 泰明 靖彬 保彰 保明 保昭 保晃 | E104: =IFERROR(VLOOKUP(A104,female_yomi!A:A,1,FALSE),"")
A105: ゆうお | C105: 76 | D105: 侑朗 優緒 友朗 裕雄 勇郎 勇雄 | E105: =IFERROR(VLOOKUP(A105,female_yomi!A:A,1,FALSE),"")
A106: そうすけ | B106: 〇 | C106: 75 | D106: 蒼介 宗介 想佑 草介 蒼典 想介 | E106: =IFERROR(VLOOKUP(A106,female_yomi!A:A,1,FALSE),"")
A107: あつし | C107: 74 | D107: 敦 篤志 篤篤 史 敦史 淳 | E107: =IFERROR(VLOOKUP(A107,female_yomi!A:A,1,FALSE),"")
A108: えいき | C108: 74 | D108: 英希 映基 永樹 英器 瑛己 英葵 | E108: =IFERROR(VLOOKUP(A108,female_yomi!A:A,1,FALSE),"")
A109: じゅんき | C109: 74 | D109: 純喜 純輝 淳樹 準貴 純希 純毅 | E109: =IFERROR(VLOOKUP(A109,female_yomi!A:A,1,FALSE),"")
A110: たかあき | C110: 74 | D110: 孝明 孝晃 貴明 孝秋 鷹亮 孝彰 | E110: =IFERROR(VLOOKUP(A110,female_yomi!A:A,1,FALSE),"")
A111: よしと | C111: 74 | D111: 義人 良斗 良人 嘉人 脩人 佳人 | E111: =IFERROR(VLOOKUP(A111,female_yomi!A:A,1,FALSE),"")
A112: えいじ | C112: 73 | D112: 英二 栄治 英司 栄司 英治 英次 | E112: =IFERROR(VLOOKUP(A112,female_yomi!A:A,1,FALSE),"")
A113: きよし | C113: 73 | D113: 清 潔 清 志 雪 貴代 志 聖 士 | E113: =IFERROR(VLOOKUP(A113,female_yomi!A:A,1,FALSE),"")
A114: けんし | C114: 73 | D114: 健志 憲史 拳史 拳士 玄師 憲資 | E114: =IFERROR(VLOOKUP(A114,female_yomi!A:A,1,FALSE),"")
A115: ゆきお | C115: 73 | D115: 幸 雄幸 男 行 雄 征夫 雪 雄由 紀夫 | E115: =IFERROR(VLOOKUP(A115,female_yomi!A:A,1,FALSE),"") -> ゆきお
A116: あきまさ | C116: 72 | D116: 明真 章雅 章真 晃正 明雅 章督 | E116: =IFERROR(VLOOKUP(A116,female_yomi!A:A,1,FALSE),"")
A117: あつひろ | C117: 72 | D117: 敦弘 敦裕 篤弘 惇博 敦啓 惇大 | E117: =IFERROR(VLOOKUP(A117,female_yomi!A:A,1,FALSE),"")
A118: けんと | C118: 72 | D118: 健人 賢人 健斗 建人 謙杜 健登 | E118: =IFERROR(VLOOKUP(A118,female_yomi!A:A,1,FALSE),"")
... A121: としお | C121: 72 | D121: 俊夫 敏夫 利夫 紀夫 俊雄 敏生 | E121: =IFERROR(VLOOKUP(A121,female_yomi!A:A,1,FALSE),"")
A122: はると | B122: 〇 | C122: 72 | D122: 陽翔 春斗 陽斗 遥人 遥斗 悠翔 | E122: =IFERROR(VLOOKUP(A122,female_yomi!A:A,1,FALSE),"")
A123: やすひろ | C123: 72 | D123: 康 弘也 朱篤 靖浩 育 宏 靖 啓 泰 熙 | E123: =IFERROR(VLOOKUP(A123,female_yomi!A:A,1,FALSE),"")
A124: りゅうき | C124: 72 | D124: 龍樹 竜暉 琉揮 琉稀 竜希 竜輝 | E124: =IFERROR(VLOOKUP(A124,female_yomi!A:A,1,FALSE),"")
A125: あきのぶ | C125: 71 | D125: 秋伸 秋信 昭暢 旭延 明伸 晃信 | E125: =IFERROR(VLOOKUP(A125,female_yomi!A:A,1,FALSE),"")
A126: しんや | C126: 71 | D126: 真也 信也 慎也 伸也 真矢 晋也 | E126: =IFERROR(VLOOKUP(A126,female_yomi!A:A,1,FALSE),"")
A127: たかよし | C127: 71 | D127: 高吉 隆善 孝義 孝良 崇義 崇良 | E127: =IFERROR(VLOOKUP(A127,female_yomi!A:A,1,FALSE),"")
A128: はやと | B128: 〇 | C128: 71 | D128: 隼 人 颯斗 勇 人 速 人 颯 勇 仁 | E128: =IFERROR(VLOOKUP(A128,female_yomi!A:A,1,FALSE),"")
A129: けんじろう | C129: 70 | D129: 健次郎 健二郎 謙二郎 拳二朗 賢次朗 賢二郎 | E129: =IFERROR(VLOOKUP(A129,female_yomi!A:A,1,FALSE),"")
A130: せいや | C130: 70 | D130: 誠也 青矢 晴也 聖夜 成矢 星也 | E130: =IFERROR(VLOOKUP(A130,female_yomi!A:A,1,FALSE),"")
A131: よしはる | C131: 70 | D131: 佳治 吉春 善治 喜晴 義春 芳春 | E131: =IFERROR(VLOOKUP(A131,female_yomi!A:A,1,FALSE),"")
...

Sheet female_yomi
A1: 読み | B1: 人気 | C1: 件数 | D1: 名前例 | E1: 中性フラグ
A2: きゆか | C2: 1560 | D2: 樹弓香 貴結可 輝結花 希夕可 稀優花 樹友嘉 | E2: =IFERROR(VLOOKUP(A2,male_yomi!A:A,1,FALSE),"")
A3: きりか | C3: 887 | D3: 桐花 紀 璃 花霧 香季 里香 輝 莉香 貴 理香 | E3: =IFERROR(VLOOKUP(A3,male_yomi!A:A,1,FALSE),"")
A4: さゆか | C4: 781 | D4: 彩由佳 佐優香 沙友果 早由華 沙結耶 紗結香 | E4: =IFERROR(VLOOKUP(A4,male_yomi!A:A,1,FALSE),"")
A5: ゆりか | C5: 683 | D5: 優理香 百合香 優里佳 友理佳 百合華 夕理華 | E5: =IFERROR(VLOOKUP(A5,male_yomi!A:A,1,FALSE),"")
A6: えりか | C6: 606 | D6: 絵梨花 恵里香 枝里香 愛莉花 恵梨香 依里佳 | E6: =IFERROR(VLOOKUP(A6,male_yomi!A:A,1,FALSE),"")
A7: あゆき | C7: 581 | D7: 彩 侑 生 愛 雪愛 幸安 夕 妃安 祐 妃 明 来 | E7: =IFERROR(VLOOKUP(A7,male_yomi!A:A,1,FALSE),"") -> あゆき
A8: まゆか | C8: 496 | D8: 麻由佳 舞弓夏 真由香 茉由香 麻由香 茉侑佳 | E8: =IFERROR(VLOOKUP(A8,male_yomi!A:A,1,FALSE),"")
A9: さゆり | C9: 479 | D9: 小百合 沙百合 彩有里 彩百合 早百合 紗有里 | E9: =IFERROR(VLOOKUP(A9,male_yomi!A:A,1,FALSE),"")
A10: るなか | C10: 472 | D10: 流七花 流夏歌 瑠七香 瑠奈花 瑠奈夏 瑠奈加 | E10: =IFERROR(VLOOKUP(A10,male_yomi!A:A,1,FALSE),"")
A11: ゆかほ | C11: 468 | D11: 友香歩 祐嘉保 由花歩 友嘉帆 友嘉穂 友嘉歩 | E11: =IFERROR(VLOOKUP(A11,male_yomi!A:A,1,FALSE),"")
A12: ゆりま | C12: 460 | D12: 祐利真 由里麻 友里麻 友里眞 友里真 友里茉 | E12: =IFERROR(VLOOKUP(A12,male_yomi!A:A,1,FALSE),"")
A13: ゆきえ | C13: 444 | D13: 幸 恵 幸枝 幸江 優 希恵 幸絵 由紀 恵 | E13: =IFERROR(VLOOKUP(A13,male_yomi!A:A,1,FALSE),"") -> ゆきえ
... A16: まりか | C16: 405 | D16: 茉莉花 万理華 真梨香 真理香 | E16: =IFERROR(VLOOKUP(A16,male_yomi!A:A,1,FALSE),"")
A17: あかり | B17: 〇 | C17: 394 | D17: 朱莉 朱里 灯 明 明里 朱梨 | E17: =IFERROR(VLOOKUP(A17,male_yomi!A:A,1,FALSE),"") -> あかり
A18: まきか | C18: 388 | D18: 真貴香 真貴加 真紀花 真稀香 真稀華 真稀花 | E18: =IFERROR(VLOOKUP(A18,male_yomi!A:A,1,FALSE),"")
A19: ゆみか | C19: 388 | D19: 弓 佳 弓夏 弓香 裕 美佳 優 海華 結 未香 | E19: =IFERROR(VLOOKUP(A19,male_yomi!A:A,1,FALSE),"")
A20: ゆきほ | C20: 383 | D20: 幸 穂幸 保 千 穂 結 稀 歩雪 穂 侑 紀 保 | E20: =IFERROR(VLOOKUP(A20,male_yomi!A:A,1,FALSE),"")
A21: あゆか | C21: 381 | D21: 亜優 花亜 優香 彩 優花 彩 結花 愛 優 花歩 佳 | E21: =IFERROR(VLOOKUP(A21,male_yomi!A:A,1,FALSE),"") -> あゆか
A22: さえり | C22: 380 | D22: 紗衣莉 紗衣理 紗江理 紗恵里 紗恵理 咲英里 | E22: =IFERROR(VLOOKUP(A22,male_yomi!A:A,1,FALSE),"")
A23: ゆきみ | C23: 372 | D23: 雪 美雪 海 唯希 実 結 喜海 弓喜 美幸 実 | E23: =IFERROR(VLOOKUP(A23,male_yomi!A:A,1,FALSE),"") -> ゆきみ
A24: さりか | C24: 362 | D24: 咲里花 紗里香 紗里華 紗里花 紗里夏 紗里加 | E24: =IFERROR(VLOOKUP(A24,male_yomi!A:A,1,FALSE),"")
A25: きゆみ | C25: 351 | D25: 貴有美 妃友美 稀唯海 喜弓海 季悠美 希夕実 | E25: =IFERROR(VLOOKUP(A25,male_yomi!A:A,1,FALSE),"")
A26: ゆなか | C26: 351 | D26: 友奈果 夕菜華 友菜花 友菜香 友菜加 友菜果 | E26: =IFERROR(VLOOKUP(A26,male_yomi!A:A,1,FALSE),"")
A27: えまり | C27: 340 | D27: 衣 真里 絵毬 恵 舞利 衣鞠 衣茉 里衣 茉莉 | E27: =IFERROR(VLOOKUP(A27,male_yomi!A:A,1,FALSE),"")
A28: ゆりほ | C28: 336 | D28: 裕璃穂 結里帆 由里帆 由莉帆 友里帆 友里穂 | E28: =IFERROR(VLOOKUP(A28,male_yomi!A:A,1,FALSE),"")
A29: さきか | C29: 327 | D29: 咲花 早季 加咲 貴 花咲 香紗 貴 香紗 貴花 | E29: =IFERROR(VLOOKUP(A29,male_yomi!A:A,1,FALSE),"")
... A136: あやか | C136: 123 | D136: 綾香 彩花 彩佳 彩夏 彩香 綾華 | E136: =IFERROR(VLOOKUP(A136,male_yomi!A:A,1,FALSE),"")
A137: ゆいか | B137: 〇 | C137: 122 | D137: 結 香 結 華 唯花 結 花由 衣歌 優 依花 | E137: =IFERROR(VLOOKUP(A137,male_yomi!A:A,1,FALSE),"")
A138: ゆか | C138: 122 | D138: 由夏 由佳 由香 結花 有香 友香 | E138: =IFERROR(VLOOKUP(A138,male_yomi!A:A,1,FALSE),"")
A139: まえみ | C139: 121 | D139: 真絵美 万恵美 麻絵美 茉恵美 真恵美 真恵実 | E139: =IFERROR(VLOOKUP(A139,male_yomi!A:A,1,FALSE),"")
A140: りみか | C140: 121 | D140: 梨美華 凜巳花 里美香 里美華 里美花 里美果 | E140: =IFERROR(VLOOKUP(A140,male_yomi!A:A,1,FALSE),"")
A141: かほな | C141: 120 | D141: 香穂奈 香歩菜 華穂菜 香帆奈 嘉帆菜 嘉帆那 | E141: =IFERROR(VLOOKUP(A141,male_yomi!A:A,1,FALSE),"")
A142: まりあ | C142: 120 | D142: 麻里 亜毬 愛 真 理 亜 真 理 愛 真 莉 愛茉 梨亜 | E142: =IFERROR(VLOOKUP(A142,male_yomi!A:A,1,FALSE),"")
A143: まりえ | C143: 120 | D143: 万里江 万里絵 真梨恵 真理恵 真里恵 麻理恵 | E143: =IFERROR(VLOOKUP(A143,male_yomi!A:A,1,FALSE),"")
A144: ゆきこ | C144: 119 | D144: 優 希子 由紀 子雪 子幸 子由 希子 有 希子 | E144: =IFERROR(VLOOKUP(A144,male_yomi!A:A,1,FALSE),"")
A145: ゆなみ | C145: 119 | D145: 由波 結 菜美 結 菜実 結 波 祐 菜美 由 奈美 | E145: =IFERROR(VLOOKUP(A145,male_yomi!A:A,1,FALSE),"")
A146: ゆうか | C146: 118 | D146: 優香 優花 夕夏 優華 友香 悠香 | E146: =IFERROR(VLOOKUP(A146,male_yomi!A:A,1,FALSE),"") -> ゆうか
A147: きみよ | C147: 117 | D147: 妃 未代 貴 実代 紀 美代 希 美代 君代 貴 美代 | E147: =IFERROR(VLOOKUP(A147,male_yomi!A:A,1,FALSE),"")
A148: しきな | C148: 117 | D148: 志希菜 詩稀菜 志紀奈 詩貴那 詩樹菜 詩樹奈 | E148: =IFERROR(VLOOKUP(A148,male_yomi!A:A,1,FALSE),"")
A149: ゆあな | C149: 117 | D149: 悠愛菜 結愛那 悠彩菜 夕愛奈 裕愛奈 結愛菜 | E149: =IFERROR(VLOOKUP(A149,male_yomi!A:A,1,FALSE),"")
... A192: えりは | C192: 98 | D192: 栄莉葉 衣里葉 衣里羽 衣利葉 衣利羽 絵里葉 | E192: =IFERROR(VLOOKUP(A192,male_yomi!A:A,1,FALSE),"")
A193: ひまり | B193: 〇 | C193: 98 | D193: 陽葵 日葵 日 真 莉 日鞠 陽 真 理 陽 茉莉 | E193: =IFERROR(VLOOKUP(A193,male_yomi!A:A,1,FALSE),"")
A194: えい | C194: 97 | D194: 恵 生 永依 絵依 瑛 永 生 瑛 伊 | E194: =IFERROR(VLOOKUP(A194,male_yomi!A:A,1,FALSE),"") -> えい
A195: さえら | C195: 97 | D195: 沙江良 早英良 紗衣良 紗衣羅 紗衣来 紗江良 | E195: =IFERROR(VLOOKUP(A195,male_yomi!A:A,1,FALSE),"")
A196: さき | B196: 〇 | C196: 97 | D196: 咲早 紀 咲 喜咲 希 紗季 | E196: =IFERROR(VLOOKUP(A196,male_yomi!A:A,1,FALSE),"") -> さき
A197: いおり | C197: 95 | D197: 伊 織衣 織 唯織 一 織 唯央 里伊 桜 莉 | E197: =IFERROR(VLOOKUP(A197,male_yomi!A:A,1,FALSE),"") -> いおり
A198: きえこ | C198: 95 | D198: 紀枝子 稀重子 喜恵子 輝恵子 貴衣子 貴絵子 | E198: =IFERROR(VLOOKUP(A198,male_yomi!A:A,1,FALSE),"")
A199: まきこ | C199: 95 | D199: 真 紀子 真 希子 真 季子 蒔子 満 樹 子眞 姫子 | E199: =IFERROR(VLOOKUP(A199,male_yomi!A:A,1,FALSE),"")
A200: ゆりの | C200: 94 | D200: 結莉乃 由梨乃 百合野 佑梨乃 佑理乃 佑莉乃 | E200: =IFERROR(VLOOKUP(A200,male_yomi!A:A,1,FALSE),"")
A201: れいか | C201: 94 | D201: 玲香 麗華 怜花 怜香 麗奏 怜佳 | E201: =IFERROR(VLOOKUP(A201,male_yomi!A:A,1,FALSE),"")
A202: あき | C202: 93 | D202: 亜希 亜紀 亜季 明希 亜樹 有紀 | E202: =IFERROR(VLOOKUP(A202,male_yomi!A:A,1,FALSE),"") -> あき
A203: あすか | C203: 93 | D203: 明 日香 飛鳥 明 日花 明 叶 明 花 明 佳 | E203: =IFERROR(VLOOKUP(A203,male_yomi!A:A,1,FALSE),"") -> あすか
A204: えめり | C204: 91 | D204: 重女理 恵萌里 恵萌理 恵萌璃 恵萌莉 恵萌梨 | E204: =IFERROR(VLOOKUP(A204,male_yomi!A:A,1,FALSE),"")
A205: さやな | C205: 91 | D205: 沙也奈 沙耶奈 紗耶菜 紗耶奈 紗矢菜 紗矢奈 | E205: =IFERROR(VLOOKUP(A205,male_yomi!A:A,1,FALSE),"")
A206: ゆりね | C206: 91 | D206: 結李音 優里音 結里音 結莉音 結理音 結梨音 | E206: =IFERROR(VLOOKUP(A206,male_yomi!A:A,1,FALSE),"")
A207: あやみ | C207: 90 | D207: 彩未 彩美 彩実 絢海 絢美 綾美 | E207: =IFERROR(VLOOKUP(A207,male_yomi!A:A,1,FALSE),"")
A208: あみか | C208: 89 | D208: 愛実花 愛美香 亜実花 亜実香 亜海花 亜海香 | E208: =IFERROR(VLOOKUP(A208,male_yomi!A:A,1,FALSE),"")
... A211: かなほ | C211: 88 | D211: 奏 帆 奏 穂 奏 保 奏 歩香 菜穂 香奈 穂 | E211: =IFERROR(VLOOKUP(A211,male_yomi!A:A,1,FALSE),"")
A212: ほのか | B212: 〇 | C212: 88 | D212: 穂乃 花穂 香歩 果 穂乃 果 萌乃 香歩 佳 | E212: =IFERROR(VLOOKUP(A212,male_yomi!A:A,1,FALSE),"")
A213: いちか | B213: 〇 | C213: 87 | D213: 一花 一 夏 衣智 花唯 愛 苺香 一 香 | E213: =IFERROR(VLOOKUP(A213,male_yomi!A:A,1,FALSE),"") -> いちか
A214: なみか | C214: 87 | D214: 波 歌那 実 華 潮 霞 奈美 佳奈 三 香那 美香 | E214: =IFERROR(VLOOKUP(A214,male_yomi!A:A,1,FALSE),"")
A215: ゆうき | C215: 87 | D215: 優希 祐希 優貴 優姫 悠希 祐規 | E215: =IFERROR(VLOOKUP(A215,male_yomi!A:A,1,FALSE),"") -> ゆうき
A216: ゆいみ | C216: 86 | D216: 結 美 結 衣 実 結 未 結 巳 結 依美 由衣 実 | E216: =IFERROR(VLOOKUP(A216,male_yomi!A:A,1,FALSE),"")
A217: あさほ | C217: 85 | D217: 麻帆 愛 咲穂 麻 穂 麻 歩麻 保 朝 帆 | E217: =IFERROR(VLOOKUP(A217,male_yomi!A:A,1,FALSE),"") -> あさほ
A218: しおり | B218: 〇 | C218: 85 | D218: 栞 詩織 汐 里史 織 紫織 志織 | E218: =IFERROR(VLOOKUP(A218,male_yomi!A:A,1,FALSE),"") -> しおり
A219: りえみ | C219: 85 | D219: 里恵実 莉絵美 莉枝美 璃江実 理恵美 里恵美 | E219: =IFERROR(VLOOKUP(A219,male_yomi!A:A,1,FALSE),"")
A220: しほか | C220: 84 | D220: 詩保夏 史帆夏 志帆花 志歩香 志歩夏 詩穂花 | E220: =IFERROR(VLOOKUP(A220,male_yomi!A:A,1,FALSE),"")
A221: なほか | C221: 84 | D221: 那歩花 菜穂香 菜穂花 菜帆花 菜穂果 菜帆香 | E221: =IFERROR(VLOOKUP(A221,male_yomi!A:A,1,FALSE),"")
A222: まなみ | C222: 84 | D222: 愛 美愛 実 真 奈美 愛 ま なみ 愛 海 | E222: =IFERROR(VLOOKUP(A222,male_yomi!A:A,1,FALSE),"")
A223: りなほ | C223: 84 | D223: 里那帆 里菜穂 里菜帆 莉那穂 莉菜穂 莉菜帆 | E223: =IFERROR(VLOOKUP(A223,male_yomi!A:A,1,FALSE),"")
A224: えいな | C224: 82 | D224: 詠菜 瑛菜 栄奈 栄菜 栄那 永奈 | E224: =IFERROR(VLOOKUP(A224,male_yomi!A:A,1,FALSE),"")
A225: さちほ | C225: 82 | D225: 幸 穂 沙 智 穂 早 千帆 幸歩 祥 歩佐 千歩 | E225: =IFERROR(VLOOKUP(A225,male_yomi!A:A,1,FALSE),"")
A226: ななえ | C226: 82 | D226: 七 愛 奈々 恵 奈々 絵七 枝七 恵 那苗 | E226: =IFERROR(VLOOKUP(A226,male_yomi!A:A,1,FALSE),"")
A227: ひかり | B227: 〇 | C227: 82 | D227: 光 莉光 光里 日花 里 日香 梨 日香 里 | E227: =IFERROR(VLOOKUP(A227,male_yomi!A:A,1,FALSE),"") -> ひかり
A228: りつか | C228: 82 | D228: 里都香 里都花 里都加 里津香 里津花 里津佳 | E228: =IFERROR(VLOOKUP(A228,male_yomi!A:A,1,FALSE),"")
A229: きおみ | C229: 81 | D229: 季桜実 紀桜海 紀央美 妃桜実 貴緒美 姫央実 | E229: =IFERROR(VLOOKUP(A229,male_yomi!A:A,1,FALSE),"")
A230: くみか | C230: 81 | D230: 来実果 久美伽 来実嘉 来実花 来実香 来実加 | E230: =IFERROR(VLOOKUP(A230,male_yomi!A:A,1,FALSE),"")
A231: けいか | C231: 81 | D231: 圭夏 恵花 慶佳 敬花 敬香 敬果 | E231: =IFERROR(VLOOKUP(A231,male_yomi!A:A,1,FALSE),"") -> けいか
A232: ちえみ | C232: 81 | D232: 千恵美 千絵美 千枝実 千依美 千衣美 智依美 | E232: =IFERROR(VLOOKUP(A232,male_yomi!A:A,1,FALSE),"")
A233: まゆ | C233: 81 | D233: 麻結 真由 麻友 真結 茉由 舞悠 | E233: =IFERROR(VLOOKUP(A233,male_yomi!A:A,1,FALSE),"")
A234: みゆ | B234: 〇 | C234: 81 | D234: 美優 心結 美夢 実優 実柚 美柚 | E234: =IFERROR(VLOOKUP(A234,male_yomi!A:A,1,FALSE),"") -> みゆ
A235: りか | C235: 81 | D235: 理花 里香 梨華 理香 里佳 梨佳 | E235: =IFERROR(VLOOKUP(A235,male_yomi!A:A,1,FALSE),"")
A236: えのか | C236: 80 | D236: 依乃加 恵乃香 絵乃花 恵乃嘉 恵乃花 恵乃加 | E236: =IFERROR(VLOOKUP(A236,male_yomi!A:A,1,FALSE),"")
A237: さゆ | C237: 80 | D237: 紗由 紗有 紗夕 咲侑 咲結 佐侑 | E237: =IFERROR(VLOOKUP(A237,male_yomi!A:A,1,FALSE),"")
A238: ゆい | B238: 〇 | C238: 80 | D238: 結 衣唯 由 衣結 優 衣優 依 | E238: =IFERROR(VLOOKUP(A238,male_yomi!A:A,1,FALSE),"") -> ゆい
A239: えり | C239: 79 | D239: 絵里 恵理 英里 英理 依里 絵莉 | E239: =IFERROR(VLOOKUP(A239,male_yomi!A:A,1,FALSE),"")
A240: えりこ | C240: 79 | D240: 絵里 子絵 理子 衿子 英里 子依 理子 恵 理子 | E240: =IFERROR(VLOOKUP(A240,male_yomi!A:A,1,FALSE),"")
A241: さきこ | C241: 79 | D241: 咲子 祥子 沙 輝 子佐 季子 早 紀 子沙 紀子 | E241: =IFERROR(VLOOKUP(A241,male_yomi!A:A,1,FALSE),"")
A242: まりさ | C242: 79 | D242: 眞理彩 眞里早 真利咲 万里紗 麻里紗 麻里咲 | E242: =IFERROR(VLOOKUP(A242,male_yomi!A:A,1,FALSE),"")
A243: ななみ | B243: 〇 | C243: 78 | D243: 七海 奈々 未 奈々 美 菜々 美七 奈美 七 実 | E243: =IFERROR(VLOOKUP(A243,male_yomi!A:A,1,FALSE),"") -> ななみ
A244: ゆえの | C244: 78 | D244: 由英乃 優恵乃 友恵乃 友衣乃 友絵乃 友枝乃 | E244: =IFERROR(VLOOKUP(A244,male_yomi!A:A,1,FALSE),"")
A245: きはる | C245: 77 | D245: 葵遥 姫晴 葵陽 葵晴 葵春 葵悠 | E245: =IFERROR(VLOOKUP(A245,male_yomi!A:A,1,FALSE),"") -> きはる
A246: れいな | C246: 77 | D246: 玲奈 麗奈 伶菜 礼奈 玲梛 伶奈 | E246: =IFERROR(VLOOKUP(A246,male_yomi!A:A,1,FALSE),"") -> れいな
A247: よしか | C247: 76 | D247: 芳香 佳加 慶香 由華 由花 佳夏 | E247: =IFERROR(VLOOKUP(A247,male_yomi!A:A,1,FALSE),"") -> よしか
A248: あさな | C248: 75 | D248: 亜 沙那 彩早 那亜 咲菜 朝 奈 あさ な安 彩 菜 | E248: =IFERROR(VLOOKUP(A248,male_yomi!A:A,1,FALSE),"")
A249: えま | B249: 〇 | C249: 75 | D249: 絵麻 愛茉 恵茉 依茉 咲茉 恵真 | E249: =IFERROR(VLOOKUP(A249,male_yomi!A:A,1,FALSE),"")
A250: かりん | C250: 75 | D250: 夏鈴 花梨 花凛 華凜 佳凛 夏凛 | E250: =IFERROR(VLOOKUP(A250,male_yomi!A:A,1,FALSE),"")
A251: るりえ | C251: 75 | D251: 瑠莉衣 留里絵 留理絵 留理恵 留梨衣 瑠莉恵 | E251: =IFERROR(VLOOKUP(A251,male_yomi!A:A,1,FALSE),"")
A252: あやな | C252: 74 | D252: 彩 那彩 奈 彩 菜 綾奈 綾 菜あ やな | E252: =IFERROR(VLOOKUP(A252,male_yomi!A:A,1,FALSE),"")
...
